{
	"overheads": {
		"group": ["platform", "activityType"],
		"filter": {"activity": ["WORKING", "REJECTED", "UNKNOWN"]},
		"init": [{"event": ["PAGE_LOAD", "PAGE_FOCUS", "PAGE_REACTIVATE"]}],
		"end": [{"event": ["PAGE_CLOSE", "PAGE_BLUR", "PAGE_INACTIVITY"]}]
	},
	"working": {
		"group": ["platform"],
		"execute": "refreshWage",
		"init": [
			{"activityType": ["TASK_STARTED"], "event": ["PAGE_LOAD"]},
			{"event": ["SYSTEM_ENABLED_WORKING"]}
		],
		"end": [
			{"activityType": ["TASK_SUBMITED"], "event": ["PAGE_LOAD"]},
			{"event": ["SYSTEM_DISABLED_WORKING"]}
		]
	},
	"rejected": {
		"group": ["platform"],
		"execute": "rejectedTask",
		"init": [
			{"activityType": ["TASK_STARTED"], "event": ["PAGE_LOAD"]},
			{"event": ["SYSTEM_ENABLED_WORKING"]}
		],
		"end": [
			{"activity": ["REJECTED"]}
		]
	}
}
