[
	{
		"name": "MTURK",
		"urls": [
			{
				"url": "https://worker.mturk.com/",
				"type": "SEARCHING",
				"subtype": "TASKS_LIST"
			},
			{
				"url": "https://worker.mturk.com/projects",
				"type": "SEARCHING",
				"subtype": "TASKS_LIST"
			},
			{
				"url": "https://worker.mturk.com/dashboard(.*)",
				"type": "PROFILE",
				"subtype": "WORKER_DASHBOARD"
			},
			{
				"url": "https://worker.mturk.com/?filters(.*)",
				"type": "SEARCHING",
				"subtype": "TASKS_LIST_FILTER"
			},
			{
				"url": "https://worker.mturk.com/projects/(.*)/tasks?ref=w_wp_skp_top",
				"type": "WORKING",
				"subtype": "TASK_SKIP"
			},
			{
				"url": "https://worker.mturk.com/projects/(.*)/tasks?ref(.*)",
				"type": "SEARCHING",
				"subtype": "TASK_PREVIEW"
			},
			{
				"url": "https://worker.mturk.com/projects/(.*)/tasks/(.*)?assignment_id(.*)",
				"type": "WORKING",
				"subtype": "TASK_STARTED"
			},
			{
				"url": "https://worker.mturk.com/projects/(.*)/tasks(.*)",
				"type": "SEARCHING",
				"subtype": "TASK_INFO",
				"js": {
					"selector": ".modal-header",
					"action": "equal",
					"value": "HIT Details",
					"wait": true
				}
			},
			{
				"url": "https://worker.mturk.com/projects/(.*)/tasks(.*)",
				"type": "REJECTED",
				"subtype": "TASK_TIMEOUT",
				"js": {
					"selector": ".threshold-1",
					"action": "display",
					"wait": true
				}
			},
			{
				"url": "https://worker.mturk.com/projects?(.*)",
				"type": "REJECTED",
				"subtype": "TASK_TIMEOUT",
				"js": {
					"selector": ".mturk-alert-content > h3",
					"action": "equal",
					"value": "Your HIT submission was not successful",
					"wait": false
				}
			},
			{
				"url": "https://worker.mturk.com/projects/(.*)/tasks/(.*)?assignment_id(.*)",
				"type": "REJECTED",
				"subtype": "TASK_RETURNED",
				"js": {
					"selector": "button[name='button']",
					"action": "event",
					"value": "click",
					"wait": false
				}
			},
			{
				"url": "https://worker.mturk.com/contact_requester/(.*)",
				"type": "COMMUNICATION",
				"subtype": "MESSAGES_SEND"
			},
			{
				"url": "https://worker.mturk.com/requesters/(.*)/projects",
				"type": "WORKING",
				"subtype": "TASK_SUBMITED",
				"js": {
					"selector": ".mturk-alert-content > h3",
					"action": "equal",
					"value": "HIT Submitted",
					"wait": false
				}
			},
			{
				"url": "https://worker.mturk.com/project(.*)",
				"type": "WORKING",
				"subtype": "TASK_SUBMITED",
				"js": {
					"selector": ".mturk-alert-content > h3",
					"action": "equal",
					"value": "HIT Submitted",
					"wait": false
				}
			},
			{
				"url": "https://www.mturk.com/mturk/externalSubmit",
				"type": "WORKING",
				"subtype": "TASK_SUBMITED",
				"js": {
					"selector": ".mturk-alert-content > h3",
					"action": "equal",
					"value": "HIT Submitted",
					"wait": false
				}
			},
			{
				"url": "https://worker.mturk.com/",
				"type": "WORKING",
				"subtype": "TASK_SUBMITED",
				"js": {
					"selector": ".mturk-alert-content > h3",
					"action": "equal",
					"value": "HIT Submitted",
					"wait": false
				}
			},
			{
				"url": "https://www.mturkcontent.com/dynamic/hit?assignmentId=(.*)",
				"type": "WORKING",
				"subtype": "TASK_FRAME"

			},
			{
				"url": "https://worker.mturk.com/requesters/(.*)/project(.*)",
				"type": "SEARCHING",
				"subtype": "TASKS_PER_REQUESTER"
			},
			{
				"url": "https://worker.mturk.com/earnings",
				"type": "PROFILE",
				"subtype": "WORKER_EARNINGS"
			},
			{
				"url": "https://worker.mturk.com/qualifications/assigned",
				"type": "PROFILE",
				"subtype": "WORKER_QUALIFICATIONS"
			},
			{
				"url": "https://worker.mturk.com/qualifications/pending",
				"type": "PROFILE",
				"subtype": "WORKER_QUALIFICATIONS_PENDING"
			},
			{
				"url": "https://worker.mturk.com/tasks",
				"type": "SEARCHING",
				"subtype": "TASK_QUEUE"
			},
			{
				"url": "https://worker.mturk.com/status_details/(.*)",
				"type": "PROFILE",
				"subtype": "WORKER_EARNINGS_DETAILS"
			},
			{
				"url": "https://www.mturk.com/worker/help(.*)",
				"type": "LEARNING",
				"subtype": "PLATFORM_HELP"
			},
			{
				"url": "https://worker.mturk.com/?end_signin(.*)",
				"type": "PROFILE",
				"subtype": "PLATFORM_LOGIN"
			}
		]
	},
	{
		"name": "UPWORK",
		"urls": [
			{
				"url": "https://www.upwork.com/ab/find-work/recommended",
				"type": "SEARCHING",
				"subtype": "TASKS_LIST_RECOMMENDED"
			},
			{
				"url": "https://www.upwork.com/ab/find-work/(.*)",
				"type": "SEARCHING",
				"subtype": "TASKS_LIST"
			},
			{
				"url": "https://www.upwork.com/o/jobs/browse/?(.*)",
				"type": "SEARCHING",
				"subtype": "TASKS_LIST_FILTER"
			},
			{
				"url": "https://www.upwork.com/messages/rooms/(.*)",
				"type": "COMMUNICATION",
				"subtype": "MESSAGES_READ"
			},
			{
				"url": "https://www.upwork.com/ab/f/contracts/(.*)#messages",
				"type": "COMMUNICATION",
				"subtype": "MESSAGES_READ_CONTRACT"
			},
			{
				"url": "https://www.upwork.com/ab/f/home/",
				"type": "SEARCHING",
				"subtype": "TASKS_LIST_ACTIVE"
			},
			{
				"url": "https://www.upwork.com/ab/proposals/job/(.*)/apply/(.*)",
				"type": "PROPOSAL",
				"subtype": "TASKS_APPLY"
			},
			{
				"url": "https://www.upwork.com/ab/f/offer/(.*)",
				"type": "PROPOSAL",
				"subtype": "PROPOSAL_OFFER"
			},
			{
				"url": "https://www.upwork.com/ab/f/contracts/(.*)/proposals/new",
				"type": "PROPOSAL",
				"subtype": "PROPOSAL_CONTRACT"
			}
		]
	},
	{
		"name": "FREELANCER",
		"urls": [
			{
				"url": "https://www.freelancer.com/dashboard",
				"type": "SEARCHING",
				"subtype": "TASKS_DASHBOARD"
			},
			{
				"url": "https://www.freelancer.com/search/projects/?(.*)",
				"type": "SEARCHING",
				"subtype": "TASKS_PROJECTS"
			},
			{
				"url": "https://www.freelancer.com/search/contests/?(.*)",
				"type": "SEARCHING",
				"subtype": "TASKS_CONTESTS"
			},
			{
				"url": "https://www.freelancer.com/messages/(.*)",
				"type": "COMMUNICATION",
				"subtype": "MESSAGES_READ"
			},
			{
				"url": "https://www.freelancer.com/projects/(.*)/(.*)/details",
				"type": "PROPOSAL",
				"subtype": "PROPOSAL_PROJECT",
				"js": {
					"click": ""
				}
			},
			{
				"url": "https://www.freelancer.com/projects/(.*)/(.*)/details",
				"type": "SEARCHING",
				"subtype": "TASKS_DETAILS"
			},
			{
				"url": "https://www.freelancer.com/dashboard/projects.php?(.*)",
				"type": "LEARNING",
				"subtype": "TASKS_PROJECTS"
			}
		]
	},
	{
		"name": "FIVERR",
		"urls": [
			{
				"url": "https://www.fiverr.com/users/(.*)/manage_orders?(.*)",
				"type": "LEARNING",
				"subtype": "TASKS_DESCRIPTION"
			},
			{
				"url": "https://www.fiverr.com/inbox(.*)",
				"type": "COMMUNICATION",
				"subtype": "MESSAGES_READ"
			},
			{
				"url": "https://www.fiverr.com/users/(.*)/requests",
				"type": "SEARCHING",
				"subtype": "TASKS_SEARCH"
			},
			{
				"url": "https://www.fiverr.com/(.*)/(.*)",
				"type": "LEARNING",
				"subtype": "TASKS_PREVIEW"
			}
		]
	}
]
